{"mean":{"confidence_interval":{"confidence_level":0.95,"lower_bound":-0.07105614466501778,"upper_bound":-0.04838621973345703},"point_estimate":-0.05891269005649724,"standard_error":0.005776929116040354},"median":{"confidence_interval":{"confidence_level":0.95,"lower_bound":-0.11070121654533205,"upper_bound":-0.010033921489452813},"point_estimate":-0.013900282879780734,"standard_error":0.01908111791714521}}