{"mean":{"confidence_interval":{"confidence_level":0.95,"lower_bound":0.008395781459483326,"upper_bound":0.04539619593141886},"point_estimate":0.026428374584349434,"standard_error":0.009421106890774699},"median":{"confidence_interval":{"confidence_level":0.95,"lower_bound":0.0022081786668202152,"upper_bound":0.024443297154120566},"point_estimate":0.014378007023422512,"standard_error":0.005658969915305213}}