{"mean":{"confidence_interval":{"confidence_level":0.95,"lower_bound":0.04874186084597048,"upper_bound":0.05353073963082829},"point_estimate":0.05116025257498613,"standard_error":0.0012227359978492407},"median":{"confidence_interval":{"confidence_level":0.95,"lower_bound":0.04820585424067218,"upper_bound":0.05288360337570408},"point_estimate":0.0499936133771961,"standard_error":0.001268972408942891}}