{"mean":{"confidence_interval":{"confidence_level":0.95,"lower_bound":-0.0656750898344214,"upper_bound":-0.06067880572778677},"point_estimate":-0.06317505607341933,"standard_error":0.0012590200448952796},"median":{"confidence_interval":{"confidence_level":0.95,"lower_bound":-0.06559498833965371,"upper_bound":-0.060444741814337455},"point_estimate":-0.06293198055391458,"standard_error":0.001312586675021891}}