{"mean":{"confidence_interval":{"confidence_level":0.95,"lower_bound":-0.013075461630855833,"upper_bound":-0.0020413439432935498},"point_estimate":-0.006947677241058714,"standard_error":0.002838775137548389},"median":{"confidence_interval":{"confidence_level":0.95,"lower_bound":-0.006294126890172613,"upper_bound":-0.0006204728777320367},"point_estimate":-0.002961179804843672,"standard_error":0.0015430015932462286}}