{"mean":{"confidence_interval":{"confidence_level":0.95,"lower_bound":-0.030748014167931107,"upper_bound":-0.010230803784453513},"point_estimate":-0.019829325935357023,"standard_error":0.0052156209129317396},"median":{"confidence_interval":{"confidence_level":0.95,"lower_bound":-0.02289112291250639,"upper_bound":-0.01676080913874123},"point_estimate":-0.019587363085170506,"standard_error":0.0014800690515660096}}