{"mean":{"confidence_interval":{"confidence_level":0.95,"lower_bound":0.29172201416817795,"upper_bound":0.32433156155919174},"point_estimate":0.30974263602164753,"standard_error":0.008396629488230674},"median":{"confidence_interval":{"confidence_level":0.95,"lower_bound":0.32783785546476407,"upper_bound":0.3360980096065229},"point_estimate":0.3322433949689769,"standard_error":0.0021098784732000476}}