{"mean":{"confidence_interval":{"confidence_level":0.95,"lower_bound":-0.09479561031715136,"upper_bound":-0.08282845560337943},"point_estimate":-0.08916406407412192,"standard_error":0.003037159497802492},"median":{"confidence_interval":{"confidence_level":0.95,"lower_bound":-0.08555208090883626,"upper_bound":-0.07916665571715908},"point_estimate":-0.08308838039266486,"standard_error":0.001639381523930762}}