{"mean":{"confidence_interval":{"confidence_level":0.95,"lower_bound":355050.13465430343,"upper_bound":360582.29790268914},"point_estimate":357520.5208522912,"standard_error":1422.1424597759963},"median":{"confidence_interval":{"confidence_level":0.95,"lower_bound":354104.5918367347,"upper_bound":356563.9952718676},"point_estimate":355577.7496618357,"standard_error":682.6932582856921},"median_abs_dev":{"confidence_interval":{"confidence_level":0.95,"lower_bound":4423.832094746399,"upper_bound":7695.351031713509},"point_estimate":6144.638065430447,"standard_error":850.2422262835805},"slope":{"confidence_interval":{"confidence_level":0.95,"lower_bound":353941.01467078325,"upper_bound":356869.22070112656},"point_estimate":355358.28978966555,"standard_error":745.4269127202999},"std_dev":{"confidence_interval":{"confidence_level":0.95,"lower_bound":6732.647535403953,"upper_bound":20533.305443838726},"point_estimate":14273.054371886416,"standard_error":3501.130245067443}}