{"mean":{"confidence_interval":{"confidence_level":0.95,"lower_bound":-0.0005859288579161792,"upper_bound":0.004879211464813535},"point_estimate":0.0020633602580499844,"standard_error":0.0013957838157202937},"median":{"confidence_interval":{"confidence_level":0.95,"lower_bound":-0.001319491245782678,"upper_bound":0.003420970764054898},"point_estimate":0.0012947610758360373,"standard_error":0.0011595622670025794}}