{"mean":{"confidence_interval":{"confidence_level":0.95,"lower_bound":0.003213236052009455,"upper_bound":0.0100388316752759},"point_estimate":0.006660399504711645,"standard_error":0.0017233543913185235},"median":{"confidence_interval":{"confidence_level":0.95,"lower_bound":0.0022258321515855606,"upper_bound":0.008590168007317711},"point_estimate":0.005179675921627158,"standard_error":0.0016074401536835794}}