{"mean":{"confidence_interval":{"confidence_level":0.95,"lower_bound":3.4096137298213613,"upper_bound":3.4405450869505434},"point_estimate":3.4254584996497135,"standard_error":0.0079039065250273},"median":{"confidence_interval":{"confidence_level":0.95,"lower_bound":3.4238240205453705,"upper_bound":3.4505343147946803},"point_estimate":3.437204338202738,"standard_error":0.006585175777641867}}