{"mean":{"confidence_interval":{"confidence_level":0.95,"lower_bound":0.026005790970054666,"upper_bound":0.04370742935566617},"point_estimate":0.036574337796720924,"standard_error":0.004679163872654589},"median":{"confidence_interval":{"confidence_level":0.95,"lower_bound":0.036010129912006805,"upper_bound":0.04404466035609311},"point_estimate":0.03888857012775593,"standard_error":0.0021979621848489967}}