{"mean":{"confidence_interval":{"confidence_level":0.95,"lower_bound":-0.1607386454819888,"upper_bound":-0.15636631467590686},"point_estimate":-0.15850342901440395,"standard_error":0.0011186124820686465},"median":{"confidence_interval":{"confidence_level":0.95,"lower_bound":-0.161797586363141,"upper_bound":-0.15786047240108336},"point_estimate":-0.15995750795346564,"standard_error":0.0009755399953912125}}