{"mean":{"confidence_interval":{"confidence_level":0.95,"lower_bound":-0.03516364567135045,"upper_bound":0.015095319231512416},"point_estimate":-0.009773564452810968,"standard_error":0.012783283605978874},"median":{"confidence_interval":{"confidence_level":0.95,"lower_bound":-0.14762079532492356,"upper_bound":0.12877132951478454},"point_estimate":-0.1411574064992941,"standard_error":0.07680700466425797}}