{"mean":{"confidence_interval":{"confidence_level":0.95,"lower_bound":-0.1086251634986266,"upper_bound":-0.10073605513866865},"point_estimate":-0.10502639082052356,"standard_error":0.002004000151510576},"median":{"confidence_interval":{"confidence_level":0.95,"lower_bound":-0.10974187349463142,"upper_bound":-0.10513282072303498},"point_estimate":-0.10670676019892089,"standard_error":0.0011669521917684381}}