{"mean":{"confidence_interval":{"confidence_level":0.95,"lower_bound":-0.0039015078403868498,"upper_bound":0.0036310048186818955},"point_estimate":-0.00012251610090552312,"standard_error":0.0019178199084306136},"median":{"confidence_interval":{"confidence_level":0.95,"lower_bound":-0.004536922779599717,"upper_bound":0.002882638017960959},"point_estimate":-0.0007834052914935663,"standard_error":0.0019236651842184087}}