{"mean":{"confidence_interval":{"confidence_level":0.95,"lower_bound":0.6179560196207399,"upper_bound":0.6260023691109714},"point_estimate":0.6220456210943133,"standard_error":0.0020544115372390695},"median":{"confidence_interval":{"confidence_level":0.95,"lower_bound":0.6142925277380813,"upper_bound":0.6241018519474943},"point_estimate":0.6203566274395769,"standard_error":0.0023866158886252575}}