{"mean":{"confidence_interval":{"confidence_level":0.95,"lower_bound":-0.045838444069135946,"upper_bound":-0.027277766607856392},"point_estimate":-0.036572949915847586,"standard_error":0.004732652271459582},"median":{"confidence_interval":{"confidence_level":0.95,"lower_bound":-0.035866527184862385,"upper_bound":-0.023469420678301267},"point_estimate":-0.028822918208439963,"standard_error":0.0032016374419346475}}