{"mean":{"confidence_interval":{"confidence_level":0.95,"lower_bound":-0.08740225359665167,"upper_bound":-0.04270505594872411},"point_estimate":-0.06231191936162672,"standard_error":0.011506757254741212},"median":{"confidence_interval":{"confidence_level":0.95,"lower_bound":-0.04477478632202798,"upper_bound":-0.03012288191227841},"point_estimate":-0.036699511152004205,"standard_error":0.003681231405040385}}