{"mean":{"confidence_interval":{"confidence_level":0.95,"lower_bound":-0.3002984015282808,"upper_bound":-0.2966100253690709},"point_estimate":-0.2984391019904167,"standard_error":0.0009366693474992917},"median":{"confidence_interval":{"confidence_level":0.95,"lower_bound":-0.29924489889710615,"upper_bound":-0.29626623746766534},"point_estimate":-0.29778816393322527,"standard_error":0.0007472919770242175}}