{"mean":{"confidence_interval":{"confidence_level":0.95,"lower_bound":-0.4494014596392141,"upper_bound":-0.4431915974827688},"point_estimate":-0.4462026847364773,"standard_error":0.0015877889470776296},"median":{"confidence_interval":{"confidence_level":0.95,"lower_bound":-0.4475025649923131,"upper_bound":-0.44059703509041837},"point_estimate":-0.4424806204800845,"standard_error":0.0016747105586824302}}