{"mean":{"confidence_interval":{"confidence_level":0.95,"lower_bound":0.012150264876299178,"upper_bound":0.04373200930912607},"point_estimate":0.02778751858312356,"standard_error":0.008059481524857762},"median":{"confidence_interval":{"confidence_level":0.95,"lower_bound":-0.0017927889267820296,"upper_bound":0.022282164675099914},"point_estimate":0.012271809468356043,"standard_error":0.006249935775258967}}