{"mean":{"confidence_interval":{"confidence_level":0.95,"lower_bound":-0.0037113454558664848,"upper_bound":0.0026133279071617467},"point_estimate":-0.0005477067099215471,"standard_error":0.0016174438613202097},"median":{"confidence_interval":{"confidence_level":0.95,"lower_bound":-0.0034351523316799026,"upper_bound":0.0018794404775983597},"point_estimate":-0.0007141663368865903,"standard_error":0.0013734549531336088}}