{"mean":{"confidence_interval":{"confidence_level":0.95,"lower_bound":86773.5235077234,"upper_bound":87335.32453968532},"point_estimate":87050.46571280464,"standard_error":143.0808821909052},"median":{"confidence_interval":{"confidence_level":0.95,"lower_bound":86691.45370370371,"upper_bound":87464.78142857143},"point_estimate":87290.5432475158,"standard_error":192.35394254733006},"median_abs_dev":{"confidence_interval":{"confidence_level":0.95,"lower_bound":1132.7419107575336,"upper_bound":1880.1294777623311},"point_estimate":1539.9545219637423,"standard_error":202.89537236811879},"slope":{"confidence_interval":{"confidence_level":0.95,"lower_bound":85901.5248119621,"upper_bound":86445.84348753848},"point_estimate":86149.72451627998,"standard_error":138.74151770389113},"std_dev":{"confidence_interval":{"confidence_level":0.95,"lower_bound":1200.9067850824638,"upper_bound":1699.3489479400419},"point_estimate":1433.9482846539543,"standard_error":130.31759517303246}}