{"mean":{"confidence_interval":{"confidence_level":0.95,"lower_bound":2.428359990482798,"upper_bound":2.4488822438232214},"point_estimate":2.438556859546212,"standard_error":0.005193984438641646},"median":{"confidence_interval":{"confidence_level":0.95,"lower_bound":2.424136331312414,"upper_bound":2.437552945684937},"point_estimate":2.430655351213861,"standard_error":0.0034090779216879373}}