{"mean":{"confidence_interval":{"confidence_level":0.95,"lower_bound":-0.012662646670870534,"upper_bound":-0.002942477254736662},"point_estimate":-0.008167223201339002,"standard_error":0.002501753186317807},"median":{"confidence_interval":{"confidence_level":0.95,"lower_bound":-0.01317063002868979,"upper_bound":-0.007616508341038775},"point_estimate":-0.011371343810177903,"standard_error":0.0014058863850039188}}