{"mean":{"confidence_interval":{"confidence_level":0.95,"lower_bound":0.03748452842714404,"upper_bound":0.0435192573160386},"point_estimate":0.04048914908774082,"standard_error":0.001537291030924172},"median":{"confidence_interval":{"confidence_level":0.95,"lower_bound":0.04088724133675492,"upper_bound":0.04587545260752712},"point_estimate":0.04336250151492371,"standard_error":0.0012214342545358167}}