{"mean":{"confidence_interval":{"confidence_level":0.95,"lower_bound":-0.20005166395505233,"upper_bound":-0.1908367237091303},"point_estimate":-0.19622187332419505,"standard_error":0.002337147242493374},"median":{"confidence_interval":{"confidence_level":0.95,"lower_bound":-0.20137388423681346,"upper_bound":-0.19517942598789106},"point_estimate":-0.1987655778677011,"standard_error":0.0015755292278299298}}