{"mean":{"confidence_interval":{"confidence_level":0.95,"lower_bound":-0.004189808783733609,"upper_bound":0.0018250394383721546},"point_estimate":-0.001132087736704368,"standard_error":0.0015342122018087937},"median":{"confidence_interval":{"confidence_level":0.95,"lower_bound":-0.002223164891093199,"upper_bound":0.003294698292527265},"point_estimate":0.00012666407886774422,"standard_error":0.0014347039060101361}}