{"mean":{"confidence_interval":{"confidence_level":0.95,"lower_bound":5330764.494599999,"upper_bound":5363918.003249999},"point_estimate":5347042.084999999,"standard_error":8476.350450110738},"median":{"confidence_interval":{"confidence_level":0.95,"lower_bound":5315220.85,"upper_bound":5351195.9},"point_estimate":5329289.55,"standard_error":8004.446960595149},"median_abs_dev":{"confidence_interval":{"confidence_level":0.95,"lower_bound":43313.49106103154,"upper_bound":100356.52504831525},"point_estimate":60768.06642115116,"standard_error":14701.132131875482},"slope":null,"std_dev":{"confidence_interval":{"confidence_level":0.95,"lower_bound":70928.78126344923,"upper_bound":98697.48407348548},"point_estimate":85023.71448033552,"standard_error":7116.825817080609}}