{"mean":{"confidence_interval":{"confidence_level":0.95,"lower_bound":0.11811541429233366,"upper_bound":0.17250813373108687},"point_estimate":0.145287989105781,"standard_error":0.01389332695095328},"median":{"confidence_interval":{"confidence_level":0.95,"lower_bound":0.2166615497617066,"upper_bound":0.23221171622030656},"point_estimate":0.22463083754732205,"standard_error":0.003957975867972097}}