{"mean":{"confidence_interval":{"confidence_level":0.95,"lower_bound":0.37597027200534433,"upper_bound":0.38602008888879286},"point_estimate":0.38101135394104824,"standard_error":0.0025431966567297415},"median":{"confidence_interval":{"confidence_level":0.95,"lower_bound":0.3735534585521154,"upper_bound":0.3825980683716743},"point_estimate":0.37757369654641026,"standard_error":0.0021438058687978994}}