{"mean":{"confidence_interval":{"confidence_level":0.95,"lower_bound":-0.4399285244952299,"upper_bound":-0.4200022872423409},"point_estimate":-0.42936220804894665,"standard_error":0.005101026138303236},"median":{"confidence_interval":{"confidence_level":0.95,"lower_bound":-0.4190090280391392,"upper_bound":-0.4002541113284511},"point_estimate":-0.41153255794027954,"standard_error":0.0053593054349853385}}