{"mean":{"confidence_interval":{"confidence_level":0.95,"lower_bound":0.16232976919446404,"upper_bound":0.27804603742412826},"point_estimate":0.21817358433677314,"standard_error":0.029549968027663732},"median":{"confidence_interval":{"confidence_level":0.95,"lower_bound":0.003895258005075064,"upper_bound":0.5959575283470113},"point_estimate":0.3614822161831943,"standard_error":0.19562189005484643}}