{"mean":{"confidence_interval":{"confidence_level":0.95,"lower_bound":-0.03130210073408101,"upper_bound":-0.013071111277075746},"point_estimate":-0.022070196921171625,"standard_error":0.00464663217041309},"median":{"confidence_interval":{"confidence_level":0.95,"lower_bound":-0.024123108161162032,"upper_bound":-0.010562763676841613},"point_estimate":-0.016909620821675797,"standard_error":0.003479847323926004}}