{"mean":{"confidence_interval":{"confidence_level":0.95,"lower_bound":-0.4860403602339726,"upper_bound":-0.4837950057818828},"point_estimate":-0.4849426334815238,"standard_error":0.0005754932595886657},"median":{"confidence_interval":{"confidence_level":0.95,"lower_bound":-0.4864088957782261,"upper_bound":-0.48429619591473494},"point_estimate":-0.485197359308285,"standard_error":0.0005051737791944907}}