{"mean":{"confidence_interval":{"confidence_level":0.95,"lower_bound":0.000039181559229562096,"upper_bound":0.005706642174744153},"point_estimate":0.0028354279613602706,"standard_error":0.0014423044317683315},"median":{"confidence_interval":{"confidence_level":0.95,"lower_bound":0.00022533613401987118,"upper_bound":0.005389389773574393},"point_estimate":0.0022075532436311995,"standard_error":0.0013928685446196079}}