{"mean":{"confidence_interval":{"confidence_level":0.95,"lower_bound":0.05184546568496382,"upper_bound":0.0902241247345902},"point_estimate":0.0707226548864559,"standard_error":0.009838460582906222},"median":{"confidence_interval":{"confidence_level":0.95,"lower_bound":0.03432153766484314,"upper_bound":0.16652753729213754},"point_estimate":0.06161308849691505,"standard_error":0.04434402922144954}}