{"mean":{"confidence_interval":{"confidence_level":0.95,"lower_bound":276621.45571023755,"upper_bound":283444.05786611466},"point_estimate":280075.75294346805,"standard_error":1743.1763206526},"median":{"confidence_interval":{"confidence_level":0.95,"lower_bound":264297.44444444444,"upper_bound":293737.58694290614},"point_estimate":293304.0554769985,"standard_error":5197.830316801629},"median_abs_dev":{"confidence_interval":{"confidence_level":0.95,"lower_bound":2472.0354296203473,"upper_bound":16718.826886514813},"point_estimate":4565.475679576353,"standard_error":3944.1368966702075},"slope":{"confidence_interval":{"confidence_level":0.95,"lower_bound":290496.72639193886,"upper_bound":293068.817231534},"point_estimate":291948.9970696025,"standard_error":655.465221150163},"std_dev":{"confidence_interval":{"confidence_level":0.95,"lower_bound":16477.56957893625,"upper_bound":18086.201248005353},"point_estimate":17528.26041995923,"standard_error":408.5754185353411}}