{"mean":{"confidence_interval":{"confidence_level":0.95,"lower_bound":-0.33629623780454315,"upper_bound":-0.3312970790922165},"point_estimate":-0.3337986760297197,"standard_error":0.0012959988339087869},"median":{"confidence_interval":{"confidence_level":0.95,"lower_bound":-0.33814162392011926,"upper_bound":-0.33124411634990136},"point_estimate":-0.3347006354665837,"standard_error":0.0017096915381619496}}