{"mean":{"confidence_interval":{"confidence_level":0.95,"lower_bound":-0.002279947444000474,"upper_bound":0.0033209536978182773},"point_estimate":0.0005309348933659752,"standard_error":0.0014282973216054886},"median":{"confidence_interval":{"confidence_level":0.95,"lower_bound":-0.0038057025651265786,"upper_bound":0.0007772529878984358},"point_estimate":-0.0012668926426511185,"standard_error":0.001151509420411176}}