{"mean":{"confidence_interval":{"confidence_level":0.95,"lower_bound":0.02776000162809449,"upper_bound":0.03977357522720133},"point_estimate":0.03389621416237243,"standard_error":0.003065710405313674},"median":{"confidence_interval":{"confidence_level":0.95,"lower_bound":0.03503406912063722,"upper_bound":0.043935228677443705},"point_estimate":0.03884840045548543,"standard_error":0.002243985205391528}}