{"mean":{"confidence_interval":{"confidence_level":0.95,"lower_bound":-0.09233321087865064,"upper_bound":-0.07798670823206691},"point_estimate":-0.08660539235496034,"standard_error":0.0037622669461365474},"median":{"confidence_interval":{"confidence_level":0.95,"lower_bound":-0.0918250576555586,"upper_bound":-0.08446674224382633},"point_estimate":-0.08765073237780352,"standard_error":0.001897830689911465}}