{"mean":{"confidence_interval":{"confidence_level":0.95,"lower_bound":0.0026189276128725236,"upper_bound":0.009359627726478286},"point_estimate":0.005915726805653332,"standard_error":0.0017299651304571017},"median":{"confidence_interval":{"confidence_level":0.95,"lower_bound":-0.0027898755077766513,"upper_bound":0.0012650221504360015},"point_estimate":-0.0013610923871779645,"standard_error":0.0009537063788433364}}